{
  "version": 1,
  "author": "Youssef Mostafa",
  "editor": "wokwi",
  "parts": [
    {
      "type": "wokwi-pi-pico",
      "id": "pico",
      "top": 35.25,
      "left": 3.6,
      "attrs": { "env": "micropython-20231227-v1.22.0" }
    },
    {
      "type": "wokwi-neopixel",
      "id": "rgb1",
      "top": 22.9,
      "left": 220,
      "rotate": 180,
      "attrs": {}
    },
    {
      "type": "wokwi-neopixel",
      "id": "rgb2",
      "top": 22.9,
      "left": 258.4,
      "rotate": 180,
      "attrs": {}
    },
    {
      "type": "wokwi-neopixel",
      "id": "rgb3",
      "top": 22.9,
      "left": 296.8,
      "rotate": 180,
      "attrs": {}
    },
    {
      "type": "wokwi-neopixel",
      "id": "rgb4",
      "top": 22.9,
      "left": 335.2,
      "rotate": 180,
      "attrs": {}
    },
    {
      "type": "wokwi-neopixel",
      "id": "rgb5",
      "top": 25.3,
      "left": 373.4,
      "rotate": 180,
      "attrs": {}
    },
    {
      "type": "wokwi-neopixel",
      "id": "rgb6",
      "top": 25.3,
      "left": 411.8,
      "rotate": 180,
      "attrs": {}
    },
    {
      "type": "wokwi-neopixel",
      "id": "rgb7",
      "top": 22.9,
      "left": 450.4,
      "rotate": 180,
      "attrs": {}
    },
    {
      "type": "wokwi-neopixel",
      "id": "rgb8",
      "top": 61.3,
      "left": 220,
      "rotate": 180,
      "attrs": {}
    },
    {
      "type": "wokwi-neopixel",
      "id": "rgb9",
      "top": 61.3,
      "left": 258.4,
      "rotate": 180,
      "attrs": {}
    },
    {
      "type": "wokwi-neopixel",
      "id": "rgb10",
      "top": 61.3,
      "left": 296.8,
      "rotate": 180,
      "attrs": {}
    },
    {
      "type": "wokwi-neopixel",
      "id": "rgb11",
      "top": 61.3,
      "left": 335.2,
      "rotate": 180,
      "attrs": {}
    },
    {
      "type": "wokwi-neopixel",
      "id": "rgb12",
      "top": 63.7,
      "left": 373.4,
      "rotate": 180,
      "attrs": {}
    },
    {
      "type": "wokwi-neopixel",
      "id": "rgb13",
      "top": 63.7,
      "left": 411.8,
      "rotate": 180,
      "attrs": {}
    },
    {
      "type": "wokwi-neopixel",
      "id": "rgb14",
      "top": 63.7,
      "left": 450.2,
      "rotate": 180,
      "attrs": {}
    },
    {
      "type": "wokwi-neopixel",
      "id": "rgb15",
      "top": 99.7,
      "left": 220,
      "rotate": 180,
      "attrs": {}
    },
    {
      "type": "wokwi-neopixel",
      "id": "rgb16",
      "top": 99.7,
      "left": 258.4,
      "rotate": 180,
      "attrs": {}
    },
    {
      "type": "wokwi-neopixel",
      "id": "rgb17",
      "top": 99.7,
      "left": 296.8,
      "rotate": 180,
      "attrs": {}
    },
    {
      "type": "wokwi-neopixel",
      "id": "rgb18",
      "top": 99.7,
      "left": 335.2,
      "rotate": 180,
      "attrs": {}
    },
    {
      "type": "wokwi-neopixel",
      "id": "rgb19",
      "top": 102.1,
      "left": 373.4,
      "rotate": 180,
      "attrs": {}
    },
    {
      "type": "wokwi-neopixel",
      "id": "rgb20",
      "top": 102.1,
      "left": 411.8,
      "rotate": 180,
      "attrs": {}
    },
    {
      "type": "wokwi-neopixel",
      "id": "rgb21",
      "top": 102.1,
      "left": 450.2,
      "rotate": 180,
      "attrs": {}
    },
    {
      "type": "wokwi-neopixel",
      "id": "rgb22",
      "top": 138.1,
      "left": 220,
      "rotate": 180,
      "attrs": {}
    },
    {
      "type": "wokwi-neopixel",
      "id": "rgb23",
      "top": 138.1,
      "left": 258.4,
      "rotate": 180,
      "attrs": {}
    },
    {
      "type": "wokwi-neopixel",
      "id": "rgb24",
      "top": 138.1,
      "left": 296.8,
      "rotate": 180,
      "attrs": {}
    },
    {
      "type": "wokwi-neopixel",
      "id": "rgb25",
      "top": 138.1,
      "left": 335.2,
      "rotate": 180,
      "attrs": {}
    },
    {
      "type": "wokwi-neopixel",
      "id": "rgb26",
      "top": 140.5,
      "left": 373.4,
      "rotate": 180,
      "attrs": {}
    },
    {
      "type": "wokwi-neopixel",
      "id": "rgb27",
      "top": 140.5,
      "left": 411.8,
      "rotate": 180,
      "attrs": {}
    },
    {
      "type": "wokwi-neopixel",
      "id": "rgb28",
      "top": 140.5,
      "left": 450.2,
      "rotate": 180,
      "attrs": {}
    },
    {
      "type": "wokwi-neopixel",
      "id": "rgb29",
      "top": 176.5,
      "left": 220,
      "rotate": 180,
      "attrs": {}
    },
    {
      "type": "wokwi-neopixel",
      "id": "rgb30",
      "top": 176.5,
      "left": 258.4,
      "rotate": 180,
      "attrs": {}
    },
    {
      "type": "wokwi-neopixel",
      "id": "rgb31",
      "top": 176.5,
      "left": 296.8,
      "rotate": 180,
      "attrs": {}
    },
    {
      "type": "wokwi-neopixel",
      "id": "rgb32",
      "top": 176.5,
      "left": 335.2,
      "rotate": 180,
      "attrs": {}
    },
    {
      "type": "wokwi-neopixel",
      "id": "rgb33",
      "top": 178.9,
      "left": 373.4,
      "rotate": 180,
      "attrs": {}
    },
    {
      "type": "wokwi-neopixel",
      "id": "rgb34",
      "top": 178.9,
      "left": 411.8,
      "rotate": 180,
      "attrs": {}
    },
    {
      "type": "wokwi-neopixel",
      "id": "rgb35",
      "top": 178.9,
      "left": 450.2,
      "rotate": 180,
      "attrs": {}
    },
    {
      "type": "wokwi-neopixel",
      "id": "rgb36",
      "top": 214.9,
      "left": 220,
      "rotate": 180,
      "attrs": {}
    },
    {
      "type": "wokwi-neopixel",
      "id": "rgb37",
      "top": 214.9,
      "left": 258.4,
      "rotate": 180,
      "attrs": {}
    },
    {
      "type": "wokwi-neopixel",
      "id": "rgb38",
      "top": 214.9,
      "left": 296.8,
      "rotate": 180,
      "attrs": {}
    },
    {
      "type": "wokwi-neopixel",
      "id": "rgb39",
      "top": 214.9,
      "left": 335.2,
      "rotate": 180,
      "attrs": {}
    },
    {
      "type": "wokwi-neopixel",
      "id": "rgb40",
      "top": 217.3,
      "left": 373.4,
      "rotate": 180,
      "attrs": {}
    },
    {
      "type": "wokwi-neopixel",
      "id": "rgb41",
      "top": 217.3,
      "left": 411.8,
      "rotate": 180,
      "attrs": {}
    },
    {
      "type": "wokwi-neopixel",
      "id": "rgb42",
      "top": 217.3,
      "left": 450.2,
      "rotate": 180,
      "attrs": {}
    },
    {
      "type": "wokwi-neopixel",
      "id": "rgb43",
      "top": 250.9,
      "left": 220.2,
      "rotate": 180,
      "attrs": {}
    },
    {
      "type": "wokwi-neopixel",
      "id": "rgb44",
      "top": 250.9,
      "left": 258.6,
      "rotate": 180,
      "attrs": {}
    },
    {
      "type": "wokwi-neopixel",
      "id": "rgb45",
      "top": 250.9,
      "left": 297,
      "rotate": 180,
      "attrs": {}
    },
    {
      "type": "wokwi-neopixel",
      "id": "rgb46",
      "top": 250.9,
      "left": 335.4,
      "rotate": 180,
      "attrs": {}
    },
    {
      "type": "wokwi-neopixel",
      "id": "rgb47",
      "top": 253.3,
      "left": 373.6,
      "rotate": 180,
      "attrs": {}
    },
    {
      "type": "wokwi-neopixel",
      "id": "rgb48",
      "top": 253.3,
      "left": 412,
      "rotate": 180,
      "attrs": {}
    },
    {
      "type": "wokwi-neopixel",
      "id": "rgb49",
      "top": 253.3,
      "left": 450.4,
      "rotate": 180,
      "attrs": {}
    },
    { "type": "wokwi-gnd", "id": "gnd1", "top": -18.7, "left": 144.3, "rotate": 90, "attrs": {} },
    { "type": "wokwi-vcc", "id": "vcc1", "top": -5, "left": 522.44, "rotate": 90, "attrs": {} },
    { "type": "wokwi-hc-sr04", "id": "ultrasonic1", "top": -94.5, "left": -23.3, "attrs": {} }
  ],
  "connections": [
    [ "rgb1:DOUT", "rgb2:DIN", "green", [ "h9.6", "v10.5" ] ],
    [ "rgb2:DOUT", "rgb3:DIN", "green", [ "h9.6", "v10.5" ] ],
    [ "rgb3:DOUT", "rgb4:DIN", "green", [ "h9.6", "v10.5" ] ],
    [ "rgb4:DOUT", "rgb5:DIN", "green", [ "h9.6", "v12.9" ] ],
    [ "rgb5:DOUT", "rgb6:DIN", "green", [ "h9.8", "v10.5" ] ],
    [ "rgb6:DOUT", "rgb7:DIN", "green", [ "h9.8", "v10.5" ] ],
    [ "rgb7:DOUT", "rgb8:DIN", "green", [ "h9.8", "v17.7", "h-278.6", "v31.2" ] ],
    [ "rgb8:DOUT", "rgb9:DIN", "green", [ "h9.6", "v10.5" ] ],
    [ "rgb9:DOUT", "rgb10:DIN", "green", [ "h9.6", "v10.5" ] ],
    [ "rgb10:DOUT", "rgb11:DIN", "green", [ "h9.6", "v10.5" ] ],
    [ "rgb11:DOUT", "rgb12:DIN", "green", [ "h9.6", "v12.9" ] ],
    [ "rgb12:DOUT", "rgb13:DIN", "green", [ "h9.8", "v10.5" ] ],
    [ "rgb13:DOUT", "rgb14:DIN", "green", [ "h9.8", "v10.5" ] ],
    [ "rgb14:DOUT", "rgb15:DIN", "green", [ "h9.6", "v20.1", "h-278.2", "v26.4" ] ],
    [ "rgb15:DOUT", "rgb16:DIN", "green", [ "h9.6", "v10.5" ] ],
    [ "rgb16:DOUT", "rgb17:DIN", "green", [ "h9.6", "v10.5" ] ],
    [ "rgb17:DOUT", "rgb18:DIN", "green", [ "h9.6", "v10.5" ] ],
    [ "rgb18:DOUT", "rgb19:DIN", "green", [ "h9.6", "v12.9" ] ],
    [ "rgb19:DOUT", "rgb20:DIN", "green", [ "h9.8", "v10.5" ] ],
    [ "rgb20:DOUT", "rgb21:DIN", "green", [ "h9.8", "v10.5" ] ],
    [ "rgb21:DOUT", "rgb22:DIN", "green", [ "h9.6", "v20.1", "h-278.2", "v24" ] ],
    [ "rgb22:DOUT", "rgb23:DIN", "green", [ "h9.4", "v10.5" ] ],
    [ "rgb23:DOUT", "rgb24:DIN", "green", [ "h9.4", "v10.5" ] ],
    [ "rgb24:DOUT", "rgb25:DIN", "green", [ "h9.4", "v10.5" ] ],
    [ "rgb25:DOUT", "rgb26:DIN", "green", [ "h9.4", "v12.9" ] ],
    [ "rgb26:DOUT", "rgb27:DIN", "green", [ "h9.6", "v10.5" ] ],
    [ "rgb27:DOUT", "rgb28:DIN", "green", [ "h9.6", "v10.5" ] ],
    [ "rgb28:DOUT", "rgb29:DIN", "green", [ "h9.4", "v27.3", "h-278.2", "v26.4" ] ],
    [ "rgb29:DOUT", "rgb30:DIN", "green", [ "h9.6", "v10.5" ] ],
    [ "rgb30:DOUT", "rgb31:DIN", "green", [ "h9.6", "v10.5" ] ],
    [ "rgb31:DOUT", "rgb32:DIN", "green", [ "h9.6", "v10.5" ] ],
    [ "rgb32:DOUT", "rgb33:DIN", "green", [ "h9.6", "v12.9" ] ],
    [ "rgb33:DOUT", "rgb34:DIN", "green", [ "h9.8", "v10.5" ] ],
    [ "rgb34:DOUT", "rgb35:DIN", "green", [ "h9.8", "v10.5" ] ],
    [ "rgb35:DOUT", "rgb36:DIN", "green", [ "h9.6", "v20.1", "h-278.2", "v26.4" ] ],
    [ "rgb36:DOUT", "rgb37:DIN", "green", [ "h9.6", "v10.5" ] ],
    [ "rgb37:DOUT", "rgb38:DIN", "green", [ "h9.6", "v10.5" ] ],
    [ "rgb38:DOUT", "rgb39:DIN", "green", [ "h9.6", "v10.5" ] ],
    [ "rgb39:DOUT", "rgb40:DIN", "green", [ "h9.6", "v12.9" ] ],
    [ "rgb40:DOUT", "rgb41:DIN", "green", [ "h9.8", "v10.5" ] ],
    [ "rgb41:DOUT", "rgb42:DIN", "green", [ "h9.8", "v10.5" ] ],
    [ "rgb42:DOUT", "rgb43:DIN", "green", [ "h9.6", "v20.1", "h-278.2", "v24" ] ],
    [ "rgb43:DOUT", "rgb44:DIN", "green", [ "h9.4", "v10.5" ] ],
    [ "rgb44:DOUT", "rgb45:DIN", "green", [ "h9.4", "v10.5" ] ],
    [ "rgb45:DOUT", "rgb46:DIN", "green", [ "h9.4", "v10.5" ] ],
    [ "rgb46:DOUT", "rgb47:DIN", "green", [ "h9.4", "v12.9" ] ],
    [ "rgb47:DOUT", "rgb48:DIN", "green", [ "h9.6", "v10.5" ] ],
    [ "rgb48:DOUT", "rgb49:DIN", "green", [ "h9.6", "v10.5" ] ],
    [ "gnd1:GND", "rgb1:VSS", "black", [ "v19.2", "h48", "v8.7" ] ],
    [ "gnd1:GND", "rgb2:VSS", "black", [ "v19.2", "h85.6" ] ],
    [ "gnd1:GND", "rgb3:VSS", "black", [ "v19.2", "h124" ] ],
    [ "gnd1:GND", "rgb4:VSS", "black", [ "v19.2", "h162.4" ] ],
    [ "gnd1:GND", "rgb5:VSS", "black", [ "v19.2", "h200.6" ] ],
    [ "gnd1:GND", "rgb6:VSS", "black", [ "v19.2", "h240", "v11.1" ] ],
    [ "gnd1:GND", "rgb7:VSS", "black", [ "v19.2", "h278.4", "v8.7" ] ],
    [ "gnd1:GND", "rgb8:VSS", "black", [ "v57.6", "h48" ] ],
    [ "gnd1:GND", "rgb9:VSS", "black", [ "v57.6", "h86.4" ] ],
    [ "gnd1:GND", "rgb10:VSS", "black", [ "v57.6", "h124.8" ] ],
    [ "gnd1:GND", "rgb11:VSS", "black", [ "v57.6", "h163.2" ] ],
    [ "gnd1:GND", "rgb12:VSS", "black", [ "v57.6", "h201.6" ] ],
    [ "gnd1:GND", "rgb13:VSS", "black", [ "v57.6", "h240" ] ],
    [ "gnd1:GND", "rgb14:VSS", "black", [ "v57.6", "h278.4" ] ],
    [ "gnd1:GND", "rgb15:VSS", "black", [ "v96", "h48" ] ],
    [ "gnd1:GND", "rgb16:VSS", "black", [ "v96", "h86.4" ] ],
    [ "gnd1:GND", "rgb17:VSS", "black", [ "v96", "h124.8" ] ],
    [ "gnd1:GND", "rgb18:VSS", "black", [ "v96", "h163.2" ] ],
    [ "gnd1:GND", "rgb19:VSS", "black", [ "v96", "h201.6" ] ],
    [ "gnd1:GND", "rgb20:VSS", "black", [ "v96", "h240" ] ],
    [ "gnd1:GND", "rgb21:VSS", "black", [ "v96", "h278.4" ] ],
    [ "gnd1:GND", "rgb22:VSS", "black", [ "v134.4", "h48" ] ],
    [ "gnd1:GND", "rgb23:VSS", "black", [ "v134.4", "h86.4" ] ],
    [ "gnd1:GND", "rgb24:VSS", "black", [ "v134.4", "h124.8" ] ],
    [ "gnd1:GND", "rgb25:VSS", "black", [ "v134.4", "h163.2" ] ],
    [ "gnd1:GND", "rgb26:VSS", "black", [ "v134.4", "h201.6" ] ],
    [ "gnd1:GND", "rgb27:VSS", "black", [ "v134.4", "h240" ] ],
    [ "gnd1:GND", "rgb28:VSS", "black", [ "v134.4", "h278.4" ] ],
    [ "gnd1:GND", "rgb29:VSS", "black", [ "v182.4", "h47.4" ] ],
    [ "gnd1:GND", "rgb30:VSS", "black", [ "v172.8", "h85.6" ] ],
    [ "gnd1:GND", "rgb31:VSS", "black", [ "v172.8", "h124" ] ],
    [ "gnd1:GND", "rgb32:VSS", "black", [ "v172.8", "h162.4" ] ],
    [ "gnd1:GND", "rgb33:VSS", "black", [ "v172.8", "h200.6" ] ],
    [ "gnd1:GND", "rgb34:VSS", "black", [ "v172.8", "h239" ] ],
    [ "gnd1:GND", "rgb35:VSS", "black", [ "v172.8", "h277.4" ] ],
    [ "gnd1:GND", "rgb36:VSS", "black", [ "v211.2", "h48" ] ],
    [ "gnd1:GND", "rgb37:VSS", "black", [ "v211.2", "h86.4" ] ],
    [ "gnd1:GND", "rgb38:VSS", "black", [ "v211.2", "h124.8" ] ],
    [ "gnd1:GND", "rgb39:VSS", "black", [ "v211.2", "h163.2" ] ],
    [ "gnd1:GND", "rgb40:VSS", "black", [ "v211.2", "h201.6" ] ],
    [ "gnd1:GND", "rgb41:VSS", "black", [ "v211.2", "h240" ] ],
    [ "gnd1:GND", "rgb42:VSS", "black", [ "v211.2", "h278.4" ] ],
    [ "gnd1:GND", "rgb43:VSS", "black", [ "v249.6", "h48" ] ],
    [ "gnd1:GND", "rgb44:VSS", "black", [ "v249.6", "h86.4" ] ],
    [ "gnd1:GND", "rgb45:VSS", "black", [ "v249.6", "h124.8" ] ],
    [ "gnd1:GND", "rgb46:VSS", "black", [ "v249.6", "h163.2" ] ],
    [ "gnd1:GND", "rgb47:VSS", "black", [ "v249.6", "h201.6" ] ],
    [ "gnd1:GND", "rgb48:VSS", "black", [ "v249.6", "h240" ] ],
    [ "gnd1:GND", "rgb49:VSS", "black", [ "v249.6", "h278.4" ] ],
    [ "vcc1:VCC", "rgb7:VDD", "red", [ "v38.4", "h-19.2" ] ],
    [ "vcc1:VCC", "rgb6:VDD", "red", [ "v38.4", "h-86.4" ] ],
    [ "vcc1:VCC", "rgb5:VDD", "red", [ "v38.4", "h-124.8" ] ],
    [ "vcc1:VCC", "rgb4:VDD", "red", [ "v38.4", "h-163.2" ] ],
    [ "vcc1:VCC", "rgb3:VDD", "red", [ "v38.4", "h-201.6" ] ],
    [ "vcc1:VCC", "rgb2:VDD", "red", [ "v38.4", "h-240" ] ],
    [ "vcc1:VCC", "rgb1:VDD", "red", [ "v38.4", "h-278.4" ] ],
    [ "vcc1:VCC", "rgb14:VDD", "red", [ "v76.8", "h-48" ] ],
    [ "vcc1:VCC", "rgb13:VDD", "red", [ "v76.8", "h-86.4" ] ],
    [ "vcc1:VCC", "rgb12:VDD", "red", [ "v76.8", "h-124.8" ] ],
    [ "vcc1:VCC", "rgb11:VDD", "red", [ "v76.8", "h-163.2" ] ],
    [ "vcc1:VCC", "rgb10:VDD", "red", [ "v76.8", "h-201.6" ] ],
    [ "vcc1:VCC", "rgb9:VDD", "red", [ "v76.8", "h-240" ] ],
    [ "vcc1:VCC", "rgb8:VDD", "red", [ "v76.8", "h-278.4" ] ],
    [ "vcc1:VCC", "rgb21:VDD", "red", [ "v115.2", "h-48" ] ],
    [ "vcc1:VCC", "rgb20:VDD", "red", [ "v115.2", "h-86.4" ] ],
    [ "vcc1:VCC", "rgb19:VDD", "red", [ "v115.2", "h-124.8" ] ],
    [ "vcc1:VCC", "rgb18:VDD", "red", [ "v115.2", "h-163.2" ] ],
    [ "vcc1:VCC", "rgb17:VDD", "red", [ "v115.2", "h-201.6" ] ],
    [ "vcc1:VCC", "rgb16:VDD", "red", [ "v115.2", "h-240" ] ],
    [ "vcc1:VCC", "rgb15:VDD", "red", [ "v115.2", "h-278.4" ] ],
    [ "vcc1:VCC", "rgb28:VDD", "red", [ "v153.6", "h-48.2" ] ],
    [ "vcc1:VCC", "rgb27:VDD", "red", [ "v153.6", "h-86.6" ] ],
    [ "vcc1:VCC", "rgb26:VDD", "red", [ "v153.6", "h-125" ] ],
    [ "vcc1:VCC", "rgb25:VDD", "red", [ "v153.6", "h-163.2" ] ],
    [ "vcc1:VCC", "rgb24:VDD", "red", [ "v153.6", "h-201.6" ] ],
    [ "vcc1:VCC", "rgb23:VDD", "red", [ "v153.6", "h-240" ] ],
    [ "vcc1:VCC", "rgb22:VDD", "red", [ "v153.6", "h-278.4" ] ],
    [ "vcc1:VCC", "rgb35:VDD", "red", [ "v192", "h-48" ] ],
    [ "vcc1:VCC", "rgb34:VDD", "red", [ "v192", "h-86.6" ] ],
    [ "vcc1:VCC", "rgb33:VDD", "red", [ "v192", "h-124.8" ] ],
    [ "vcc1:VCC", "rgb32:VDD", "red", [ "v192", "h-163.2" ] ],
    [ "vcc1:VCC", "rgb31:VDD", "red", [ "v192", "h-201.6" ] ],
    [ "vcc1:VCC", "rgb30:VDD", "red", [ "v192", "h-240" ] ],
    [ "vcc1:VCC", "rgb29:VDD", "red", [ "v192", "h-278.4" ] ],
    [ "vcc1:VCC", "rgb42:VDD", "red", [ "v230.4", "h-48" ] ],
    [ "vcc1:VCC", "rgb41:VDD", "red", [ "v230.4", "h-86.4" ] ],
    [ "vcc1:VCC", "rgb40:VDD", "red", [ "v230.4", "h-125" ] ],
    [ "vcc1:VCC", "rgb39:VDD", "red", [ "v230.4", "h-163.2" ] ],
    [ "vcc1:VCC", "rgb38:VDD", "red", [ "v230.4", "h-201.6" ] ],
    [ "vcc1:VCC", "rgb37:VDD", "red", [ "v230.4", "h-240" ] ],
    [ "vcc1:VCC", "rgb36:VDD", "red", [ "v230.4", "h-278.4" ] ],
    [ "vcc1:VCC", "rgb49:VDD", "red", [ "v268.8", "h-48" ] ],
    [ "vcc1:VCC", "rgb48:VDD", "red", [ "v268.8", "h-86.4" ] ],
    [ "vcc1:VCC", "rgb47:VDD", "red", [ "v268.8", "h-124.8" ] ],
    [ "vcc1:VCC", "rgb46:VDD", "red", [ "v268.8", "h-163.2" ] ],
    [ "vcc1:VCC", "rgb45:VDD", "red", [ "v268.8", "h-201.6" ] ],
    [ "vcc1:VCC", "rgb44:VDD", "red", [ "v268.8", "h-240" ] ],
    [ "vcc1:VCC", "rgb43:VDD", "red", [ "v268.8", "h-278.4" ] ],
    [ "pico:GP26", "rgb1:DIN", "green", [ "h68.4", "v-96" ] ],
    [ "pico:GP3", "ultrasonic1:TRIG", "green", [ "h-19.2", "v-57.6", "h86.4" ] ],
    [ "pico:GP4", "ultrasonic1:ECHO", "green", [ "h-28.8", "v-76.8", "h105.6" ] ],
    [ "pico:GND.8", "ultrasonic1:GND", "black", [ "h0" ] ],
    [ "pico:3V3", "ultrasonic1:VCC", "red", [ "h10.8", "v-76.8", "h-38.4" ] ]
  ],
  "dependencies": {}
}