{
"lengthUnit": "mil",
"components": {
	"fields": ["COMPONENT_NO", "COMPONENT_NAME", "LAYER", "X_COORDINATE", "Y_COORDINATE", "ANGLE"],
	"rows": [
		[1, "C1", "T", -185, 530, 90],
		[2, "C2", "T", 705, 645, 112.5],
		[3, "C3", "T", 1400, 1045, 135],
		[4, "C4", "T", 1925, 1705, 157.5],
		[5, "C5", "T", 2160, 2525, 180],
		[6, "C6", "T", 2075, 3365, 202.5],
		[7, "C7", "T", 1670, 4110, 225],
		[8, "C8", "T", 1000, 4630, 247.5],
		[9, "C9", "T", 190, 4865, 270],
		[10, "C10", "T", -620, 4790, 292.5],
		[11, "C11", "T", -1400, 4370, 315],
		[12, "C12", "T", -1935, 3705, 337.5],
		[13, "C13", "T", -2170, 2885, 0],
		[14, "C14", "T", -2070, 2045, 22.5],
		[15, "C15", "T", -1660, 1300, 45],
		[16, "C16", "T", -995, 775, 67.5],
		[17, "D1", "T", 0, 537.54, 0],
		[18, "D2", "T", 875, 720, 22.5],
		[19, "D3", "T", 1525, 1180, 45],
		[20, "D4", "T", 1995, 1875, 67.5],
		[21, "D5", "T", 2160, 2705, 90],
		[22, "D6", "T", 2000, 3530, 112.5],
		[23, "D7", "T", 1535, 4230, 135],
		[24, "D8", "T", 835, 4705, 157.5],
		[25, "D9", "T", 10, 4870, 180],
		[26, "D10", "T", -790, 4720, 202.5],
		[27, "D11", "T", -1535, 4245, 225],
		[28, "D12", "T", -2005, 3540, 247.5],
		[29, "D13", "T", -2170, 2705, 270],
		[30, "D14", "T", -2005, 1875, 292.5],
		[31, "D15", "T", -1535, 1170, 315],
		[32, "D16", "T", -830, 705, 337.5],
		[33, "R1", "T", 200, 525, 270],
		[34, "R2", "T", -5, 2435, 90],
		[35, "R3", "T", -5, 2305, 0],
		[36, "S1", "T", 5.33, 2705, 270],
		[37, "U2", "T", -4.64, -10, 180],
		[38, "PAD1", "B", -53.89, -30, 0],
		[39, "PAD2", "B", 46.11, -30, 0]
	]
},
"pins": {
	"fields": ["PIN_NO", "PIN_NAME", "PIN_X", "PIN_Y", "LAYER", "PIN_TYPE", "NET_NAME", "NET_TYPE", "PAD_SHAPE", "PAD_SIZEX", "PAD_SIZEY", "HOLE_SIZE", "PAD_ANGLE"],
	"rows": [
		[1, "C1_1", -185, 490.63, "T", "SMD", "GND", "GND", "R", 55.51, 53.15, 0, 90],
		[2, "C1_2", -185, 569.37, "T", "SMD", "+5V", "", "R", 55.51, 53.15, 0, 90],
		[3, "C2_1", 720.07, 608.63, "T", "SMD", "GND", "GND", "R", 55.51, 53.15, 0, 112.5],
		[4, "C2_2", 689.93, 681.37, "T", "SMD", "+5V", "", "R", 55.51, 53.15, 0, 112.5],
		[5, "C3_1", 1427.84, 1017.16, "T", "SMD", "GND", "GND", "R", 55.51, 53.15, 0, 135],
		[6, "C3_2", 1372.16, 1072.84, "T", "SMD", "+5V", "", "R", 55.51, 53.15, 0, 135],
		[7, "C4_1", 1961.37, 1689.93, "T", "SMD", "GND", "GND", "R", 55.51, 53.15, 0, 157.5],
		[8, "C4_2", 1888.63, 1720.07, "T", "SMD", "+5V", "", "R", 55.51, 53.15, 0, 157.5],
		[9, "C5_1", 2199.37, 2525, "T", "SMD", "GND", "GND", "R", 55.51, 53.15, 0, 180],
		[10, "C5_2", 2120.63, 2525, "T", "SMD", "+5V", "", "R", 55.51, 53.15, 0, 180],
		[11, "C6_1", 2111.37, 3380.07, "T", "SMD", "GND", "GND", "R", 55.51, 53.15, 0, 202.5],
		[12, "C6_2", 2038.63, 3349.93, "T", "SMD", "+5V", "", "R", 55.51, 53.15, 0, 202.5],
		[13, "C7_1", 1697.84, 4137.84, "T", "SMD", "GND", "GND", "R", 55.51, 53.15, 0, 225],
		[14, "C7_2", 1642.16, 4082.16, "T", "SMD", "+5V", "", "R", 55.51, 53.15, 0, 225],
		[15, "C8_1", 1015.07, 4666.37, "T", "SMD", "GND", "GND", "R", 55.51, 53.15, 0, 247.5],
		[16, "C8_2", 984.93, 4593.63, "T", "SMD", "+5V", "", "R", 55.51, 53.15, 0, 247.5],
		[17, "C9_1", 190, 4904.37, "T", "SMD", "GND", "GND", "R", 55.51, 53.15, 0, 270],
		[18, "C9_2", 190, 4825.63, "T", "SMD", "+5V", "", "R", 55.51, 53.15, 0, 270],
		[19, "C10_1", -635.07, 4826.37, "T", "SMD", "GND", "GND", "R", 55.51, 53.15, 0, 292.5],
		[20, "C10_2", -604.93, 4753.63, "T", "SMD", "+5V", "", "R", 55.51, 53.15, 0, 292.5],
		[21, "C11_1", -1427.84, 4397.84, "T", "SMD", "GND", "GND", "R", 55.51, 53.15, 0, 315],
		[22, "C11_2", -1372.16, 4342.16, "T", "SMD", "+5V", "", "R", 55.51, 53.15, 0, 315],
		[23, "C12_1", -1971.37, 3720.07, "T", "SMD", "GND", "GND", "R", 55.51, 53.15, 0, 337.5],
		[24, "C12_2", -1898.63, 3689.93, "T", "SMD", "+5V", "", "R", 55.51, 53.15, 0, 337.5],
		[25, "C13_1", -2209.37, 2885, "T", "SMD", "GND", "GND", "R", 55.51, 53.15, 0, 0],
		[26, "C13_2", -2130.63, 2885, "T", "SMD", "+5V", "", "R", 55.51, 53.15, 0, 0],
		[27, "C14_1", -2106.37, 2029.93, "T", "SMD", "GND", "GND", "R", 55.51, 53.15, 0, 22.5],
		[28, "C14_2", -2033.63, 2060.07, "T", "SMD", "+5V", "", "R", 55.51, 53.15, 0, 22.5],
		[29, "C15_1", -1687.84, 1272.16, "T", "SMD", "GND", "GND", "R", 55.51, 53.15, 0, 45],
		[30, "C15_2", -1632.16, 1327.84, "T", "SMD", "+5V", "", "R", 55.51, 53.15, 0, 45],
		[31, "C16_1", -1010.07, 738.63, "T", "SMD", "GND", "GND", "R", 55.51, 53.15, 0, 67.5],
		[32, "C16_2", -979.93, 811.37, "T", "SMD", "+5V", "", "R", 55.51, 53.15, 0, 67.5],
		[33, "D1_1", -98.42, 600.53, "T", "SMD", "+5V", "", "R", 70.87, 39.37, 0, 180],
		[34, "D1_2", -98.42, 474.55, "T", "SMD", "$1N2641", "", "R", 70.87, 39.37, 0, 180],
		[35, "D1_3", 98.42, 474.55, "T", "SMD", "GND", "GND", "R", 70.87, 39.37, 0, 180],
		[36, "D1_4", 98.42, 600.53, "T", "SMD", "$1N4827", "", "R", 70.87, 39.37, 0, 180],
		[37, "D2_1", 759.96, 740.53, "T", "SMD", "+5V", "", "R", 70.87, 39.37, 0, 202.5],
		[38, "D2_2", 808.17, 624.14, "T", "SMD", "$1N2645", "", "R", 70.87, 39.37, 0, 202.5],
		[39, "D2_3", 990.04, 699.47, "T", "SMD", "GND", "GND", "R", 70.87, 39.37, 0, 202.5],
		[40, "D2_4", 941.83, 815.86, "T", "SMD", "$1N2641", "", "R", 70.87, 39.37, 0, 202.5],
		[41, "D3_1", 1410.86, 1154.94, "T", "SMD", "+5V", "", "R", 70.87, 39.37, 0, 225],
		[42, "D3_2", 1499.94, 1065.86, "T", "SMD", "$1N2773", "", "R", 70.87, 39.37, 0, 225],
		[43, "D3_3", 1639.14, 1205.06, "T", "SMD", "GND", "GND", "R", 70.87, 39.37, 0, 225],
		[44, "D3_4", 1550.06, 1294.14, "T", "SMD", "$1N2645", "", "R", 70.87, 39.37, 0, 225],
		[45, "D4_1", 1899.14, 1808.17, "T", "SMD", "+5V", "", "R", 70.87, 39.37, 0, 247.5],
		[46, "D4_2", 2015.53, 1759.96, "T", "SMD", "$1N4196", "", "R", 70.87, 39.37, 0, 247.5],
		[47, "D4_3", 2090.86, 1941.83, "T", "SMD", "GND", "GND", "R", 70.87, 39.37, 0, 247.5],
		[48, "D4_4", 1974.47, 1990.04, "T", "SMD", "$1N2773", "", "R", 70.87, 39.37, 0, 247.5],
		[49, "D5_1", 2097.01, 2606.58, "T", "SMD", "+5V", "", "R", 70.87, 39.37, 0, 270],
		[50, "D5_2", 2222.99, 2606.58, "T", "SMD", "$1N4166", "", "R", 70.87, 39.37, 0, 270],
		[51, "D5_3", 2222.99, 2803.42, "T", "SMD", "GND", "GND", "R", 70.87, 39.37, 0, 270],
		[52, "D5_4", 2097.01, 2803.42, "T", "SMD", "$1N4196", "", "R", 70.87, 39.37, 0, 270],
		[53, "D6_1", 1979.47, 3414.96, "T", "SMD", "+5V", "", "R", 70.87, 39.37, 0, 292.5],
		[54, "D6_2", 2095.86, 3463.17, "T", "SMD", "$1N4170", "", "R", 70.87, 39.37, 0, 292.5],
		[55, "D6_3", 2020.53, 3645.04, "T", "SMD", "GND", "GND", "R", 70.87, 39.37, 0, 292.5],
		[56, "D6_4", 1904.14, 3596.83, "T", "SMD", "$1N4166", "", "R", 70.87, 39.37, 0, 292.5],
		[57, "D7_1", 1560.06, 4115.86, "T", "SMD", "+5V", "", "R", 70.87, 39.37, 0, 315],
		[58, "D7_2", 1649.14, 4204.94, "T", "SMD", "$1N4182", "", "R", 70.87, 39.37, 0, 315],
		[59, "D7_3", 1509.94, 4344.14, "T", "SMD", "GND", "GND", "R", 70.87, 39.37, 0, 315],
		[60, "D7_4", 1420.86, 4255.06, "T", "SMD", "$1N4170", "", "R", 70.87, 39.37, 0, 315],
		[61, "D8_1", 901.83, 4609.14, "T", "SMD", "+5V", "", "R", 70.87, 39.37, 0, 337.5],
		[62, "D8_2", 950.04, 4725.53, "T", "SMD", "$1N4204", "", "R", 70.87, 39.37, 0, 337.5],
		[63, "D8_3", 768.17, 4800.86, "T", "SMD", "GND", "GND", "R", 70.87, 39.37, 0, 337.5],
		[64, "D8_4", 719.96, 4684.47, "T", "SMD", "$1N4182", "", "R", 70.87, 39.37, 0, 337.5],
		[65, "D9_1", 108.42, 4807.01, "T", "SMD", "+5V", "", "R", 70.87, 39.37, 0, 0],
		[66, "D9_2", 108.42, 4932.99, "T", "SMD", "$1N4700", "", "R", 70.87, 39.37, 0, 0],
		[67, "D9_3", -88.42, 4932.99, "T", "SMD", "GND", "GND", "R", 70.87, 39.37, 0, 0],
		[68, "D9_4", -88.42, 4807.01, "T", "SMD", "$1N4204", "", "R", 70.87, 39.37, 0, 0],
		[69, "D10_1", -674.96, 4699.47, "T", "SMD", "+5V", "", "R", 70.87, 39.37, 0, 22.5],
		[70, "D10_2", -723.17, 4815.86, "T", "SMD", "$1N4710", "", "R", 70.87, 39.37, 0, 22.5],
		[71, "D10_3", -905.04, 4740.53, "T", "SMD", "GND", "GND", "R", 70.87, 39.37, 0, 22.5],
		[72, "D10_4", -856.83, 4624.14, "T", "SMD", "$1N4700", "", "R", 70.87, 39.37, 0, 22.5],
		[73, "D11_1", -1420.86, 4270.06, "T", "SMD", "+5V", "", "R", 70.87, 39.37, 0, 45],
		[74, "D11_2", -1509.94, 4359.14, "T", "SMD", "$1N4718", "", "R", 70.87, 39.37, 0, 45],
		[75, "D11_3", -1649.14, 4219.94, "T", "SMD", "GND", "GND", "R", 70.87, 39.37, 0, 45],
		[76, "D11_4", -1560.06, 4130.86, "T", "SMD", "$1N4710", "", "R", 70.87, 39.37, 0, 45],
		[77, "D12_1", -1909.14, 3606.83, "T", "SMD", "+5V", "", "R", 70.87, 39.37, 0, 67.5],
		[78, "D12_2", -2025.53, 3655.04, "T", "SMD", "$1N4754", "", "R", 70.87, 39.37, 0, 67.5],
		[79, "D12_3", -2100.86, 3473.17, "T", "SMD", "GND", "GND", "R", 70.87, 39.37, 0, 67.5],
		[80, "D12_4", -1984.47, 3424.96, "T", "SMD", "$1N4718", "", "R", 70.87, 39.37, 0, 67.5],
		[81, "D13_1", -2107.01, 2803.42, "T", "SMD", "+5V", "", "R", 70.87, 39.37, 0, 90],
		[82, "D13_2", -2232.99, 2803.42, "T", "SMD", "$1N4726", "", "R", 70.87, 39.37, 0, 90],
		[83, "D13_3", -2232.99, 2606.58, "T", "SMD", "GND", "GND", "R", 70.87, 39.37, 0, 90],
		[84, "D13_4", -2107.01, 2606.58, "T", "SMD", "$1N4754", "", "R", 70.87, 39.37, 0, 90],
		[85, "D14_1", -1984.47, 1990.04, "T", "SMD", "+5V", "", "R", 70.87, 39.37, 0, 112.5],
		[86, "D14_2", -2100.86, 1941.83, "T", "SMD", "$1N4734", "", "R", 70.87, 39.37, 0, 112.5],
		[87, "D14_3", -2025.53, 1759.96, "T", "SMD", "GND", "GND", "R", 70.87, 39.37, 0, 112.5],
		[88, "D14_4", -1909.14, 1808.17, "T", "SMD", "$1N4726", "", "R", 70.87, 39.37, 0, 112.5],
		[89, "D15_1", -1560.06, 1284.14, "T", "SMD", "+5V", "", "R", 70.87, 39.37, 0, 135],
		[90, "D15_2", -1649.14, 1195.06, "T", "SMD", "$1N4744", "", "R", 70.87, 39.37, 0, 135],
		[91, "D15_3", -1509.94, 1055.86, "T", "SMD", "GND", "GND", "R", 70.87, 39.37, 0, 135],
		[92, "D15_4", -1420.86, 1144.94, "T", "SMD", "$1N4734", "", "R", 70.87, 39.37, 0, 135],
		[93, "D16_1", -896.83, 800.86, "T", "SMD", "+5V", "", "R", 70.87, 39.37, 0, 157.5],
		[94, "D16_2", -945.04, 684.47, "T", "SMD", "D16_2", "", "R", 70.87, 39.37, 0, 157.5],
		[95, "D16_3", -763.17, 609.14, "T", "SMD", "GND", "GND", "R", 70.87, 39.37, 0, 157.5],
		[96, "D16_4", -714.96, 725.53, "T", "SMD", "$1N4744", "", "R", 70.87, 39.37, 0, 157.5],
		[97, "R1_1", 200, 564.37, "T", "SMD", "$1N4827", "", "R", 44.59, 54.21, 0, 270],
		[98, "R1_2", 200, 485.63, "T", "SMD", "D0", "", "R", 44.59, 54.21, 0, 270],
		[99, "R2_1", -5, 2385, "T", "DIP", "D2", "", "R", 60, 60, 39.37, 90],
		[100, "R2_1", -5, 2385, "B", "DIP", "D2", "", "R", 60, 60, 39.37, 90],
		[101, "R2_2", -5, 2485, "T", "DIP", "GND", "GND", "C", 60, 60, 39.37, 90],
		[102, "R2_2", -5, 2485, "B", "DIP", "GND", "GND", "C", 60, 60, 39.37, 90],
		[103, "R3_1", -44.37, 2305, "T", "SMD", "VCC", "", "R", 44.59, 54.21, 0, 0],
		[104, "R3_2", 34.37, 2305, "T", "SMD", "D2", "", "R", 44.59, 54.21, 0, 0],
		[105, "S1_1", 5.33, 2768.98, "T", "SMD", "D1", "", "R", 21.65, 59.06, 0, 270],
		[106, "S1_2", 5.33, 2641.02, "T", "SMD", "GND", "GND", "R", 21.65, 59.06, 0, 270],
		[107, "U2_1", -322.09, -298, "T", "SMD", "+5V", "", "R", 108.27, 78.74, 0, 180],
		[108, "U2_2", -322.09, -198, "T", "SMD", "GND", "GND", "R", 108.27, 78.74, 0, 180],
		[109, "U2_3", -322.09, -98, "T", "SMD", "VCC", "", "R", 108.27, 78.74, 0, 180],
		[110, "U2_4", -322.09, 2, "T", "SMD", "U2_4", "", "R", 108.27, 78.74, 0, 180],
		[111, "U2_5", -322.09, 102, "T", "SMD", "U2_5", "", "R", 108.27, 78.74, 0, 180],
		[112, "U2_6", -322.09, 202, "T", "SMD", "U2_6", "", "R", 108.27, 78.74, 0, 180],
		[113, "U2_7", -322.09, 302, "T", "SMD", "U2_7", "", "R", 108.27, 78.74, 0, 180],
		[114, "U2_8", 314.32, 302, "T", "SMD", "U2_8", "", "R", 108.27, 78.74, 0, 0],
		[115, "U2_9", 314.32, 202, "T", "SMD", "U2_9", "", "R", 108.27, 78.74, 0, 0],
		[116, "U2_10", 314.32, 102, "T", "SMD", "U2_10", "", "R", 108.27, 78.74, 0, 0],
		[117, "U2_11", 314.32, 2, "T", "SMD", "U2_11", "", "R", 108.27, 78.74, 0, 0],
		[118, "U2_12", 314.32, -98, "T", "SMD", "D2", "", "R", 108.27, 78.74, 0, 0],
		[119, "U2_13", 314.32, -198, "T", "SMD", "D1", "", "R", 108.27, 78.74, 0, 0],
		[120, "U2_14", 314.32, -298, "T", "SMD", "D0", "", "R", 108.27, 78.74, 0, 0],
		[121, "U2_15", -200.78, -148, "T", "SMD", "U2_15", "", "C", 66.93, 66.93, 0, 0],
		[122, "U2_16", -200.78, -48, "T", "SMD", "U2_16", "", "C", 66.93, 66.93, 0, 0],
		[123, "U2_17", -200.78, 52, "T", "SMD", "U2_17", "", "C", 66.93, 66.93, 0, 0],
		[124, "U2_18", -200.78, 152, "T", "SMD", "U2_18", "", "C", 66.93, 66.93, 0, 0],
		[125, "U2_19", 199.22, 152, "T", "SMD", "U2_19", "", "C", 66.93, 66.93, 0, 0],
		[126, "U2_20", 199.22, 52, "T", "SMD", "U2_20", "", "C", 66.93, 66.93, 0, 0],
		[127, "U2_21", 199.22, -48, "T", "SMD", "U2_21", "", "C", 66.93, 66.93, 0, 0],
		[128, "U2_22", 199.22, -148, "T", "SMD", "U2_22", "", "C", 66.93, 66.93, 0, 0],
		[129, "U2_23", -53.89, -338.55, "T", "SMD", "U2_23", "", "C", 66.93, 66.93, 0, 0],
		[130, "U2_24", -53.89, -238.55, "T", "SMD", "U2_24", "", "C", 66.93, 66.93, 0, 0],
		[131, "U2_25", -53.89, -138.55, "T", "SMD", "U2_25", "", "C", 66.93, 66.93, 0, 0],
		[132, "U2_26", 46.11, -138.55, "T", "SMD", "U2_26", "", "C", 66.93, 66.93, 0, 0],
		[133, "U2_27", 46.11, -238.55, "T", "SMD", "U2_27", "", "C", 66.93, 66.93, 0, 0],
		[134, "U2_28", 46.11, -338.55, "T", "SMD", "U2_28", "", "C", 66.93, 66.93, 0, 0],
		[135, "U2_29", -43.26, 197.86, "T", "SMD", "BAT-", "", "R", 98.43, 43.31, 0, 90],
		[136, "U2_30", 35.48, 197.86, "T", "SMD", "BAT+", "", "R", 98.43, 43.31, 0, 90],
		[137, "PAD1_1", -53.89, -30, "B", "SMD", "BAT-", "", "C", 66.93, 66.93, 0, 0],
		[138, "PAD2_1", 46.11, -30, "B", "SMD", "BAT+", "", "C", 66.93, 66.93, 0, 0]
	]
}
}