{
"lengthUnit": "mil",
"components": {
	"fields": ["COMPONENT_NO", "COMPONENT_NAME", "LAYER", "X_COORDINATE", "Y_COORDINATE", "ANGLE"],
	"rows": [
		[1, "C14", "T", 1521.4, -305.59, 0],
		[2, "C15", "T", 1521.4, -699.29, 0],
		[3, "C16", "T", 1521.43, -1092.99, 0],
		[4, "C17", "T", 1521.43, -1486.69, 0],
		[5, "C18", "T", 1521.43, -1880.39, 0],
		[6, "C19", "T", 1521.78, -2274.22, 0],
		[7, "C20", "T", 1522, -2667.26, 0],
		[8, "C21", "T", 2519.69, -3031.5, 0],
		[9, "C22", "T", 100.43, -3027.78, 0],
		[10, "C23", "T", 100.43, -2718.57, 0],
		[11, "C24", "T", 100.43, -2409.36, 0],
		[12, "C25", "T", 100.43, -2100.15, 0],
		[13, "C26", "T", 100.43, -1790.94, 0],
		[14, "C27", "T", 100.43, -1481.74, 0],
		[15, "C28", "T", 100.43, -1172.53, 0],
		[16, "C29", "T", 100.43, -863.32, 0],
		[17, "C30", "T", 100.43, -554.11, 0],
		[18, "C31", "T", 100.43, -244.9, 0],
		[19, "LED28", "T", 1692.91, -2676.81, 0],
		[20, "LED29", "T", 1692.91, -2283.11, 0],
		[21, "LED30", "T", 1692.88, -1889.41, 0],
		[22, "LED31", "T", 1692.88, -1495.71, 0],
		[23, "LED32", "T", 1692.88, -1102.01, 0],
		[24, "LED33", "T", 1692.91, -708.31, 0],
		[25, "LED34", "T", 1703.37, -313.7, 0],
		[26, "LED35", "T", 275.98, -3019.15, 0],
		[27, "LED36", "T", 275.98, -2709.94, 0],
		[28, "LED37", "T", 275.98, -2400.73, 0],
		[29, "LED38", "T", 275.98, -2091.52, 0],
		[30, "LED39", "T", 275.98, -1782.31, 0],
		[31, "LED40", "T", 275.98, -1473.11, 0],
		[32, "LED41", "T", 275.98, -1163.9, 0],
		[33, "LED42", "T", 275.98, -854.69, 0],
		[34, "LED43", "T", 275.98, -545.48, 0],
		[35, "LED44", "T", 275.98, -236.27, 0],
		[36, "R1", "T", 2330.7, -3031.49, 270],
		[37, "R2", "T", 2330.7, -3149.6, 270],
		[38, "U1", "T", 1259.84, -3464.57, 90],
		[39, "U2", "T", 2472.99, -3147.32, 0]
	]
},
"pins": {
	"fields": ["PIN_NO", "PIN_NAME", "PIN_X", "PIN_Y", "LAYER", "PIN_TYPE", "NET_NAME", "NET_TYPE", "PAD_SHAPE", "PAD_SIZEX", "PAD_SIZEY", "HOLE_SIZE", "PAD_ANGLE"],
	"rows": [
		[1, "C14_1", 1510.6, -305.59, "T", "SMD", "GND", "GND", "R", 14.51, 12.76, 0, 0],
		[2, "C14_2", 1532.2, -305.59, "T", "SMD", "+5V", "", "R", 14.51, 12.76, 0, 0],
		[3, "C15_1", 1510.6, -699.29, "T", "SMD", "GND", "GND", "R", 14.51, 12.76, 0, 0],
		[4, "C15_2", 1532.2, -699.29, "T", "SMD", "+5V", "", "R", 14.51, 12.76, 0, 0],
		[5, "C16_1", 1510.63, -1092.99, "T", "SMD", "GND", "GND", "R", 14.51, 12.76, 0, 0],
		[6, "C16_2", 1532.23, -1092.99, "T", "SMD", "+5V", "", "R", 14.51, 12.76, 0, 0],
		[7, "C17_1", 1510.63, -1486.69, "T", "SMD", "GND", "GND", "R", 14.51, 12.76, 0, 0],
		[8, "C17_2", 1532.23, -1486.69, "T", "SMD", "+5V", "", "R", 14.51, 12.76, 0, 0],
		[9, "C18_1", 1510.63, -1880.39, "T", "SMD", "GND", "GND", "R", 14.51, 12.76, 0, 0],
		[10, "C18_2", 1532.23, -1880.39, "T", "SMD", "+5V", "", "R", 14.51, 12.76, 0, 0],
		[11, "C19_1", 1510.98, -2274.22, "T", "SMD", "GND", "GND", "R", 14.51, 12.76, 0, 0],
		[12, "C19_2", 1532.58, -2274.22, "T", "SMD", "+5V", "", "R", 14.51, 12.76, 0, 0],
		[13, "C20_1", 1511.2, -2667.26, "T", "SMD", "GND", "GND", "R", 14.51, 12.76, 0, 0],
		[14, "C20_2", 1532.8, -2667.26, "T", "SMD", "+5V", "", "R", 14.51, 12.76, 0, 0],
		[15, "C21_1", 2508.89, -3031.5, "T", "SMD", "GND", "GND", "R", 14.51, 12.76, 0, 0],
		[16, "C21_2", 2530.49, -3031.5, "T", "SMD", "+5V", "", "R", 14.51, 12.76, 0, 0],
		[17, "C22_1", 89.63, -3027.78, "T", "SMD", "GND", "GND", "R", 14.51, 12.76, 0, 0],
		[18, "C22_2", 111.23, -3027.78, "T", "SMD", "+5V", "", "R", 14.51, 12.76, 0, 0],
		[19, "C23_1", 89.63, -2718.57, "T", "SMD", "GND", "GND", "R", 14.51, 12.76, 0, 0],
		[20, "C23_2", 111.23, -2718.57, "T", "SMD", "+5V", "", "R", 14.51, 12.76, 0, 0],
		[21, "C24_1", 89.63, -2409.36, "T", "SMD", "GND", "GND", "R", 14.51, 12.76, 0, 0],
		[22, "C24_2", 111.23, -2409.36, "T", "SMD", "+5V", "", "R", 14.51, 12.76, 0, 0],
		[23, "C25_1", 89.63, -2100.15, "T", "SMD", "GND", "GND", "R", 14.51, 12.76, 0, 0],
		[24, "C25_2", 111.23, -2100.15, "T", "SMD", "+5V", "", "R", 14.51, 12.76, 0, 0],
		[25, "C26_1", 89.63, -1790.94, "T", "SMD", "GND", "GND", "R", 14.51, 12.76, 0, 0],
		[26, "C26_2", 111.23, -1790.94, "T", "SMD", "+5V", "", "R", 14.51, 12.76, 0, 0],
		[27, "C27_1", 89.63, -1481.74, "T", "SMD", "GND", "GND", "R", 14.51, 12.76, 0, 0],
		[28, "C27_2", 111.23, -1481.74, "T", "SMD", "+5V", "", "R", 14.51, 12.76, 0, 0],
		[29, "C28_1", 89.63, -1172.53, "T", "SMD", "GND", "GND", "R", 14.51, 12.76, 0, 0],
		[30, "C28_2", 111.23, -1172.53, "T", "SMD", "+5V", "", "R", 14.51, 12.76, 0, 0],
		[31, "C29_1", 89.63, -863.32, "T", "SMD", "GND", "GND", "R", 14.51, 12.76, 0, 0],
		[32, "C29_2", 111.23, -863.32, "T", "SMD", "+5V", "", "R", 14.51, 12.76, 0, 0],
		[33, "C30_1", 89.63, -554.11, "T", "SMD", "GND", "GND", "R", 14.51, 12.76, 0, 0],
		[34, "C30_2", 111.23, -554.11, "T", "SMD", "+5V", "", "R", 14.51, 12.76, 0, 0],
		[35, "C31_1", 89.63, -244.9, "T", "SMD", "GND", "GND", "R", 14.51, 12.76, 0, 0],
		[36, "C31_2", 111.23, -244.9, "T", "SMD", "+5V", "", "R", 14.51, 12.76, 0, 0],
		[37, "LED28_1", 1789.37, -2741.77, "T", "SMD", "GND", "GND", "R", 59.05, 39.37, 0, 0],
		[38, "LED28_2", 1789.37, -2611.85, "T", "SMD", "$1N7183", "", "R", 59.05, 39.37, 0, 0],
		[39, "LED28_3", 1596.46, -2611.85, "T", "SMD", "+5V", "", "R", 59.05, 39.37, 0, 0],
		[40, "LED28_4", 1596.46, -2741.77, "T", "SMD", "$1N5141", "", "R", 59.05, 39.37, 0, 0],
		[41, "LED29_1", 1789.37, -2348.07, "T", "SMD", "GND", "GND", "R", 59.05, 39.37, 0, 0],
		[42, "LED29_2", 1789.37, -2218.15, "T", "SMD", "$1N5141", "", "R", 59.05, 39.37, 0, 0],
		[43, "LED29_3", 1596.46, -2218.15, "T", "SMD", "+5V", "", "R", 59.05, 39.37, 0, 0],
		[44, "LED29_4", 1596.46, -2348.07, "T", "SMD", "$1N5147", "", "R", 59.05, 39.37, 0, 0],
		[45, "LED30_1", 1789.33, -1954.37, "T", "SMD", "GND", "GND", "R", 59.05, 39.37, 0, 0],
		[46, "LED30_2", 1789.33, -1824.45, "T", "SMD", "$1N5147", "", "R", 59.05, 39.37, 0, 0],
		[47, "LED30_3", 1596.42, -1824.45, "T", "SMD", "+5V", "", "R", 59.05, 39.37, 0, 0],
		[48, "LED30_4", 1596.42, -1954.37, "T", "SMD", "$1N5131", "", "R", 59.05, 39.37, 0, 0],
		[49, "LED31_1", 1789.33, -1560.67, "T", "SMD", "GND", "GND", "R", 59.05, 39.37, 0, 0],
		[50, "LED31_2", 1789.33, -1430.75, "T", "SMD", "$1N5131", "", "R", 59.05, 39.37, 0, 0],
		[51, "LED31_3", 1596.42, -1430.75, "T", "SMD", "+5V", "", "R", 59.05, 39.37, 0, 0],
		[52, "LED31_4", 1596.42, -1560.67, "T", "SMD", "$1N5125", "", "R", 59.05, 39.37, 0, 0],
		[53, "LED32_1", 1789.33, -1166.97, "T", "SMD", "GND", "GND", "R", 59.05, 39.37, 0, 0],
		[54, "LED32_2", 1789.33, -1037.05, "T", "SMD", "$1N5125", "", "R", 59.05, 39.37, 0, 0],
		[55, "LED32_3", 1596.42, -1037.05, "T", "SMD", "+5V", "", "R", 59.05, 39.37, 0, 0],
		[56, "LED32_4", 1596.42, -1166.97, "T", "SMD", "$1N5189", "", "R", 59.05, 39.37, 0, 0],
		[57, "LED33_1", 1789.37, -773.27, "T", "SMD", "GND", "GND", "R", 59.05, 39.37, 0, 0],
		[58, "LED33_2", 1789.37, -643.35, "T", "SMD", "$1N5189", "", "R", 59.05, 39.37, 0, 0],
		[59, "LED33_3", 1596.46, -643.35, "T", "SMD", "+5V", "", "R", 59.05, 39.37, 0, 0],
		[60, "LED33_4", 1596.46, -773.27, "T", "SMD", "$1N5195", "", "R", 59.05, 39.37, 0, 0],
		[61, "LED34_1", 1799.82, -378.66, "T", "SMD", "GND", "GND", "R", 59.05, 39.37, 0, 0],
		[62, "LED34_2", 1799.82, -248.74, "T", "SMD", "$1N5195", "", "R", 59.05, 39.37, 0, 0],
		[63, "LED34_3", 1606.91, -248.74, "T", "SMD", "+5V", "", "R", 59.05, 39.37, 0, 0],
		[64, "LED34_4", 1606.91, -378.66, "T", "SMD", "LED34_4", "", "R", 59.05, 39.37, 0, 0],
		[65, "LED35_1", 372.44, -3084.11, "T", "SMD", "GND", "GND", "R", 59.05, 39.37, 0, 0],
		[66, "LED35_2", 372.44, -2954.19, "T", "SMD", "$1N7178", "", "R", 59.05, 39.37, 0, 0],
		[67, "LED35_3", 179.53, -2954.19, "T", "SMD", "+5V", "", "R", 59.05, 39.37, 0, 0],
		[68, "LED35_4", 179.53, -3084.11, "T", "SMD", "$1N6777", "", "R", 59.05, 39.37, 0, 0],
		[69, "LED36_1", 372.44, -2774.9, "T", "SMD", "GND", "GND", "R", 59.05, 39.37, 0, 0],
		[70, "LED36_2", 372.44, -2644.98, "T", "SMD", "$1N6777", "", "R", 59.05, 39.37, 0, 0],
		[71, "LED36_3", 179.53, -2644.98, "T", "SMD", "+5V", "", "R", 59.05, 39.37, 0, 0],
		[72, "LED36_4", 179.53, -2774.9, "T", "SMD", "$1N6781", "", "R", 59.05, 39.37, 0, 0],
		[73, "LED37_1", 372.44, -2465.69, "T", "SMD", "GND", "GND", "R", 59.05, 39.37, 0, 0],
		[74, "LED37_2", 372.44, -2335.77, "T", "SMD", "$1N6781", "", "R", 59.05, 39.37, 0, 0],
		[75, "LED37_3", 179.53, -2335.77, "T", "SMD", "+5V", "", "R", 59.05, 39.37, 0, 0],
		[76, "LED37_4", 179.53, -2465.69, "T", "SMD", "$1N6805", "", "R", 59.05, 39.37, 0, 0],
		[77, "LED38_1", 372.44, -2156.48, "T", "SMD", "GND", "GND", "R", 59.05, 39.37, 0, 0],
		[78, "LED38_2", 372.44, -2026.56, "T", "SMD", "$1N6805", "", "R", 59.05, 39.37, 0, 0],
		[79, "LED38_3", 179.53, -2026.56, "T", "SMD", "+5V", "", "R", 59.05, 39.37, 0, 0],
		[80, "LED38_4", 179.53, -2156.48, "T", "SMD", "$1N6801", "", "R", 59.05, 39.37, 0, 0],
		[81, "LED39_1", 372.44, -1847.27, "T", "SMD", "GND", "GND", "R", 59.05, 39.37, 0, 0],
		[82, "LED39_2", 372.44, -1717.35, "T", "SMD", "$1N6801", "", "R", 59.05, 39.37, 0, 0],
		[83, "LED39_3", 179.53, -1717.35, "T", "SMD", "+5V", "", "R", 59.05, 39.37, 0, 0],
		[84, "LED39_4", 179.53, -1847.27, "T", "SMD", "$1N6793", "", "R", 59.05, 39.37, 0, 0],
		[85, "LED40_1", 372.44, -1538.07, "T", "SMD", "GND", "GND", "R", 59.05, 39.37, 0, 0],
		[86, "LED40_2", 372.44, -1408.15, "T", "SMD", "$1N6793", "", "R", 59.05, 39.37, 0, 0],
		[87, "LED40_3", 179.53, -1408.15, "T", "SMD", "+5V", "", "R", 59.05, 39.37, 0, 0],
		[88, "LED40_4", 179.53, -1538.07, "T", "SMD", "$1N6789", "", "R", 59.05, 39.37, 0, 0],
		[89, "LED41_1", 372.44, -1228.86, "T", "SMD", "GND", "GND", "R", 59.05, 39.37, 0, 0],
		[90, "LED41_2", 372.44, -1098.94, "T", "SMD", "$1N6789", "", "R", 59.05, 39.37, 0, 0],
		[91, "LED41_3", 179.53, -1098.94, "T", "SMD", "+5V", "", "R", 59.05, 39.37, 0, 0],
		[92, "LED41_4", 179.53, -1228.86, "T", "SMD", "$1N6946", "", "R", 59.05, 39.37, 0, 0],
		[93, "LED42_1", 372.44, -919.65, "T", "SMD", "GND", "GND", "R", 59.05, 39.37, 0, 0],
		[94, "LED42_2", 372.44, -789.73, "T", "SMD", "$1N6946", "", "R", 59.05, 39.37, 0, 0],
		[95, "LED42_3", 179.53, -789.73, "T", "SMD", "+5V", "", "R", 59.05, 39.37, 0, 0],
		[96, "LED42_4", 179.53, -919.65, "T", "SMD", "$1N7055", "", "R", 59.05, 39.37, 0, 0],
		[97, "LED43_1", 372.44, -610.44, "T", "SMD", "GND", "GND", "R", 59.05, 39.37, 0, 0],
		[98, "LED43_2", 372.44, -480.52, "T", "SMD", "$1N7055", "", "R", 59.05, 39.37, 0, 0],
		[99, "LED43_3", 179.53, -480.52, "T", "SMD", "+5V", "", "R", 59.05, 39.37, 0, 0],
		[100, "LED43_4", 179.53, -610.44, "T", "SMD", "$1N7164", "", "R", 59.05, 39.37, 0, 0],
		[101, "LED44_1", 372.44, -301.23, "T", "SMD", "GND", "GND", "R", 59.05, 39.37, 0, 0],
		[102, "LED44_2", 372.44, -171.31, "T", "SMD", "$1N7164", "", "R", 59.05, 39.37, 0, 0],
		[103, "LED44_3", 179.53, -171.31, "T", "SMD", "+5V", "", "R", 59.05, 39.37, 0, 0],
		[104, "LED44_4", 179.53, -301.23, "T", "SMD", "LED44_4", "", "R", 59.05, 39.37, 0, 0],
		[105, "R1_1", 2330.7, -3001.83, "T", "SMD", "+5V", "", "R", 31.75, 34.02, 0, 270],
		[106, "R1_2", 2330.7, -3061.15, "T", "SMD", "$1N5439", "", "R", 31.75, 34.02, 0, 270],
		[107, "R2_1", 2330.7, -3119.94, "T", "SMD", "$1N5434", "", "R", 31.75, 34.02, 0, 270],
		[108, "R2_2", 2330.7, -3179.26, "T", "SMD", "+5V", "", "R", 31.75, 34.02, 0, 270],
		[109, "U1_1", 1586.61, -3764.57, "T", "SMD", "U1_1", "", "R", 74.8, 118.11, 0, 90],
		[110, "U1_2", 1586.61, -3664.57, "T", "SMD", "U1_2", "", "R", 74.8, 118.11, 0, 90],
		[111, "U1_3", 1586.61, -3564.57, "T", "SMD", "U1_3", "", "R", 74.8, 118.11, 0, 90],
		[112, "U1_4", 1586.61, -3464.57, "T", "SMD", "U1_4", "", "R", 74.8, 118.11, 0, 90],
		[113, "U1_5", 1586.61, -3364.57, "T", "SMD", "$1N5434", "", "R", 74.8, 118.11, 0, 90],
		[114, "U1_6", 1586.61, -3264.57, "T", "SMD", "$1N5439", "", "R", 74.8, 118.11, 0, 90],
		[115, "U1_7", 1586.61, -3164.57, "T", "SMD", "U1_7", "", "R", 74.8, 118.11, 0, 90],
		[116, "U1_8", 933.07, -3164.57, "T", "SMD", "U1_8", "", "R", 74.8, 118.11, 0, 90],
		[117, "U1_9", 933.07, -3264.57, "T", "SMD", "U1_9", "", "R", 74.8, 118.11, 0, 90],
		[118, "U1_10", 933.07, -3364.57, "T", "SMD", "$1N7183", "", "R", 74.8, 118.11, 0, 90],
		[119, "U1_11", 933.07, -3464.57, "T", "SMD", "$1N7178", "", "R", 74.8, 118.11, 0, 90],
		[120, "U1_12", 933.07, -3564.57, "T", "SMD", "U1_12", "", "R", 74.8, 118.11, 0, 90],
		[121, "U1_13", 933.07, -3664.57, "T", "SMD", "GND", "GND", "R", 74.8, 118.11, 0, 90],
		[122, "U1_14", 933.07, -3764.57, "T", "SMD", "+5V", "", "R", 74.8, 118.11, 0, 90],
		[123, "U2_1", 2512.36, -3186.69, "T", "SMD", "U2_1", "", "R", 31.5, 19.68, 0, 180],
		[124, "U2_2", 2512.36, -3147.32, "T", "SMD", "+5V", "", "R", 31.5, 19.68, 0, 180],
		[125, "U2_3", 2512.36, -3107.95, "T", "SMD", "$1N5439", "", "R", 31.5, 19.68, 0, 180],
		[126, "U2_4", 2433.62, -3107.95, "T", "SMD", "$1N5434", "", "R", 31.5, 19.68, 0, 180],
		[127, "U2_5", 2433.62, -3147.32, "T", "SMD", "GND", "GND", "R", 31.5, 19.68, 0, 180],
		[128, "U2_6", 2433.62, -3186.69, "T", "SMD", "U2_6", "", "R", 31.5, 19.68, 0, 180]
	]
}
}