{
"lengthUnit": "mil",
"components": {
	"fields": ["COMPONENT_NO", "COMPONENT_NAME", "LAYER", "X_COORDINATE", "Y_COORDINATE", "ANGLE"],
	"rows": [
		[1, "BOOT", "T", 870.08, 251.97, 0],
		[2, "BTN", "T", 1134.37, 0, 90],
		[3, "C1", "T", 64.37, -255, 180],
		[4, "C2", "T", 767.72, -196.85, 135],
		[5, "C3", "T", 915.35, 147.64, 270],
		[6, "C4", "T", 464.37, -125, 45],
		[7, "C5", "T", 349.37, 265, 0],
		[8, "C6", "T", 464.37, 140, 315],
		[9, "C7", "T", 849.37, -105, 135],
		[10, "C8", "T", 553.37, 206, 315],
		[11, "C9", "T", 508.5, 160.87, 315],
		[12, "C10", "T", 590.37, 229, 315],
		[13, "C11", "T", 419.37, -75, 45],
		[14, "C12", "T", 844.06, 134.69, 225],
		[15, "C13", "T", 519.37, -180, 45],
		[16, "C14", "T", 819.37, -135, 135],
		[17, "C15", "T", 694.37, 240, 225],
		[18, "C16", "T", 751.06, 232.69, 225],
		[19, "LED1", "T", 1003.94, -236.22, 180],
		[20, "LED2", "T", 1122.05, -236.22, 180],
		[21, "LED3", "T", 1122.05, -137.8, 0],
		[22, "LED4", "T", 1003.94, -137.8, 0],
		[23, "LED5", "T", 1003.94, 137.8, 180],
		[24, "LED6", "T", 1122.05, 137.8, 180],
		[25, "LED7", "T", 1122.05, 236.22, 0],
		[26, "LED8", "T", 1003.94, 236.22, 0],
		[27, "R1", "T", 775.59, 192.91, 225],
		[28, "R3", "T", 450.43, 218.94, 135],
		[29, "R4", "T", 480.43, 248.94, 135],
		[30, "R5", "T", 794.37, -170, 135],
		[31, "R6", "T", 738.19, -226.38, 315],
		[32, "RESET", "T", 870.08, -251.97, 180],
		[33, "U1", "T", 649.37, 0, 45],
		[34, "U2", "T", 189.37, -145, 0],
		[35, "U3", "T", 209.37, 145, 270],
		[36, "U4", "T", 954.37, 0, 270],
		[37, "U5", "T", 629.92, -246.06, 270],
		[38, "X1", "T", -345.63, 250, 0]
	]
},
"pins": {
	"fields": ["PIN_NO", "PIN_NAME", "PIN_X", "PIN_Y", "LAYER", "PIN_TYPE", "NET_NAME", "NET_TYPE", "PAD_SHAPE", "PAD_SIZEX", "PAD_SIZEY", "HOLE_SIZE", "PAD_ANGLE"],
	"rows": [
		[1, "BOOT_1", 817.91, 266.73, "T", "SMD", "$1N3256", "", "R", 21.65, 21.65, 0, 0],
		[2, "BOOT_2", 817.91, 237.2, "T", "SMD", "BOOT_2", "", "R", 21.65, 21.65, 0, 0],
		[3, "BOOT_3", 922.24, 266.73, "T", "SMD", "GND", "GND", "R", 21.65, 21.65, 0, 0],
		[4, "BOOT_4", 922.24, 237.2, "T", "SMD", "BOOT_4", "", "R", 21.65, 21.65, 0, 0],
		[5, "BTN_1", 1119.61, -52.16, "T", "SMD", "$1N4645", "", "R", 21.65, 21.65, 0, 90],
		[6, "BTN_2", 1149.14, -52.16, "T", "SMD", "BTN_2", "", "R", 21.65, 21.65, 0, 90],
		[7, "BTN_3", 1119.61, 52.16, "T", "SMD", "BTN_3", "", "R", 21.65, 21.65, 0, 90],
		[8, "BTN_4", 1149.14, 52.16, "T", "SMD", "GND", "GND", "R", 21.65, 21.65, 0, 90],
		[9, "C1_1", 85.83, -255, "T", "SMD", "GND", "GND", "R", 31.11, 21.26, 0, 180],
		[10, "C1_2", 42.91, -255, "T", "SMD", "VCC", "", "R", 31.11, 21.26, 0, 180],
		[11, "C2_1", 782.89, -212.02, "T", "SMD", "GND", "GND", "R", 31.11, 21.26, 0, 135],
		[12, "C2_2", 752.54, -181.68, "T", "SMD", "XIN", "", "R", 31.11, 21.26, 0, 135],
		[13, "C3_1", 915.35, 169.1, "T", "SMD", "GND", "GND", "R", 31.11, 21.26, 0, 270],
		[14, "C3_2", 915.35, 126.18, "T", "SMD", "$1N3532", "", "R", 31.11, 21.26, 0, 270],
		[15, "C4_1", 449.2, -140.17, "T", "SMD", "GND", "GND", "R", 31.11, 21.26, 0, 45],
		[16, "C4_2", 479.54, -109.83, "T", "SMD", "3V3", "", "R", 31.11, 21.26, 0, 45],
		[17, "C5_1", 327.91, 265, "T", "SMD", "GND", "GND", "R", 31.11, 21.26, 0, 0],
		[18, "C5_2", 370.83, 265, "T", "SMD", "3V3", "", "R", 31.11, 21.26, 0, 0],
		[19, "C6_1", 449.2, 155.17, "T", "SMD", "GND", "GND", "R", 31.11, 21.26, 0, 315],
		[20, "C6_2", 479.54, 124.83, "T", "SMD", "1V1", "", "R", 31.11, 21.26, 0, 315],
		[21, "C7_1", 864.54, -120.17, "T", "SMD", "GND", "GND", "R", 31.11, 21.26, 0, 135],
		[22, "C7_2", 834.2, -89.83, "T", "SMD", "1V1", "", "R", 31.11, 21.26, 0, 135],
		[23, "C8_1", 538.2, 221.17, "T", "SMD", "GND", "GND", "R", 31.11, 21.26, 0, 315],
		[24, "C8_2", 568.54, 190.83, "T", "SMD", "1V1", "", "R", 31.11, 21.26, 0, 315],
		[25, "C9_1", 493.32, 176.05, "T", "SMD", "GND", "GND", "R", 31.11, 21.26, 0, 315],
		[26, "C9_2", 523.67, 145.7, "T", "SMD", "3V3", "", "R", 31.11, 21.26, 0, 315],
		[27, "C10_1", 575.2, 244.17, "T", "SMD", "GND", "GND", "R", 31.11, 21.26, 0, 315],
		[28, "C10_2", 605.54, 213.83, "T", "SMD", "3V3", "", "R", 31.11, 21.26, 0, 315],
		[29, "C11_1", 404.2, -90.17, "T", "SMD", "GND", "GND", "R", 31.11, 21.26, 0, 45],
		[30, "C11_2", 434.54, -59.83, "T", "SMD", "3V3", "", "R", 31.11, 21.26, 0, 45],
		[31, "C12_1", 859.23, 149.86, "T", "SMD", "GND", "GND", "R", 31.11, 21.26, 0, 225],
		[32, "C12_2", 828.88, 119.51, "T", "SMD", "3V3", "", "R", 31.11, 21.26, 0, 225],
		[33, "C13_1", 504.2, -195.17, "T", "SMD", "GND", "GND", "R", 31.11, 21.26, 0, 45],
		[34, "C13_2", 534.54, -164.83, "T", "SMD", "3V3", "", "R", 31.11, 21.26, 0, 45],
		[35, "C14_1", 834.54, -150.17, "T", "SMD", "GND", "GND", "R", 31.11, 21.26, 0, 135],
		[36, "C14_2", 804.2, -119.83, "T", "SMD", "3V3", "", "R", 31.11, 21.26, 0, 135],
		[37, "C15_1", 709.54, 255.17, "T", "SMD", "GND", "GND", "R", 31.11, 21.26, 0, 225],
		[38, "C15_2", 679.2, 224.83, "T", "SMD", "3V3", "", "R", 31.11, 21.26, 0, 225],
		[39, "C16_1", 766.23, 247.86, "T", "SMD", "GND", "GND", "R", 31.11, 21.26, 0, 225],
		[40, "C16_2", 735.88, 217.51, "T", "SMD", "3V3", "", "R", 31.11, 21.26, 0, 225],
		[41, "LED1_1", 1033.47, -218.5, "T", "SMD", "GND", "GND", "R", 31.5, 25.59, 0, 0],
		[42, "LED1_2", 974.41, -218.5, "T", "SMD", "BOOST_OUTPUT", "", "R", 31.5, 25.59, 0, 0],
		[43, "LED1_3", 974.41, -253.94, "T", "SMD", "VCC", "", "R", 31.5, 25.59, 0, 0],
		[44, "LED1_4", 1033.47, -253.94, "T", "SMD", "$1N23338", "", "R", 31.5, 25.59, 0, 0],
		[45, "LED2_1", 1151.58, -218.5, "T", "SMD", "GND", "GND", "R", 31.5, 25.59, 0, 0],
		[46, "LED2_2", 1092.52, -218.5, "T", "SMD", "$1N23338", "", "R", 31.5, 25.59, 0, 0],
		[47, "LED2_3", 1092.52, -253.94, "T", "SMD", "VCC", "", "R", 31.5, 25.59, 0, 0],
		[48, "LED2_4", 1151.58, -253.94, "T", "SMD", "$1N23342", "", "R", 31.5, 25.59, 0, 0],
		[49, "LED3_1", 1092.52, -155.52, "T", "SMD", "GND", "GND", "R", 31.5, 25.59, 0, 180],
		[50, "LED3_2", 1151.58, -155.52, "T", "SMD", "$1N23342", "", "R", 31.5, 25.59, 0, 180],
		[51, "LED3_3", 1151.58, -120.08, "T", "SMD", "VCC", "", "R", 31.5, 25.59, 0, 180],
		[52, "LED3_4", 1092.52, -120.08, "T", "SMD", "$1N23347", "", "R", 31.5, 25.59, 0, 180],
		[53, "LED4_1", 974.41, -155.52, "T", "SMD", "GND", "GND", "R", 31.5, 25.59, 0, 180],
		[54, "LED4_2", 1033.47, -155.52, "T", "SMD", "$1N23347", "", "R", 31.5, 25.59, 0, 180],
		[55, "LED4_3", 1033.47, -120.08, "T", "SMD", "VCC", "", "R", 31.5, 25.59, 0, 180],
		[56, "LED4_4", 974.41, -120.08, "T", "SMD", "$1N23352", "", "R", 31.5, 25.59, 0, 180],
		[57, "LED5_1", 1033.47, 155.52, "T", "SMD", "GND", "GND", "R", 31.5, 25.59, 0, 0],
		[58, "LED5_2", 974.41, 155.52, "T", "SMD", "$1N23352", "", "R", 31.5, 25.59, 0, 0],
		[59, "LED5_3", 974.41, 120.08, "T", "SMD", "VCC", "", "R", 31.5, 25.59, 0, 0],
		[60, "LED5_4", 1033.47, 120.08, "T", "SMD", "$1N23363", "", "R", 31.5, 25.59, 0, 0],
		[61, "LED6_1", 1151.58, 155.52, "T", "SMD", "GND", "GND", "R", 31.5, 25.59, 0, 0],
		[62, "LED6_2", 1092.52, 155.52, "T", "SMD", "$1N23363", "", "R", 31.5, 25.59, 0, 0],
		[63, "LED6_3", 1092.52, 120.08, "T", "SMD", "VCC", "", "R", 31.5, 25.59, 0, 0],
		[64, "LED6_4", 1151.58, 120.08, "T", "SMD", "$1N23368", "", "R", 31.5, 25.59, 0, 0],
		[65, "LED7_1", 1092.52, 218.5, "T", "SMD", "GND", "GND", "R", 31.5, 25.59, 0, 180],
		[66, "LED7_2", 1151.58, 218.5, "T", "SMD", "$1N23368", "", "R", 31.5, 25.59, 0, 180],
		[67, "LED7_3", 1151.58, 253.94, "T", "SMD", "VCC", "", "R", 31.5, 25.59, 0, 180],
		[68, "LED7_4", 1092.52, 253.94, "T", "SMD", "$1N23373", "", "R", 31.5, 25.59, 0, 180],
		[69, "LED8_1", 974.41, 218.5, "T", "SMD", "GND", "GND", "R", 31.5, 25.59, 0, 180],
		[70, "LED8_2", 1033.47, 218.5, "T", "SMD", "$1N23373", "", "R", 31.5, 25.59, 0, 180],
		[71, "LED8_3", 1033.47, 253.94, "T", "SMD", "VCC", "", "R", 31.5, 25.59, 0, 180],
		[72, "LED8_4", 974.41, 253.94, "T", "SMD", "LED8_4", "", "R", 31.5, 25.59, 0, 180],
		[73, "R1_1", 787.64, 204.96, "T", "SMD", "$1N3256", "", "R", 22.27, 21.26, 0, 225],
		[74, "R1_2", 763.54, 180.86, "T", "SMD", "QSPI_SS", "", "R", 22.27, 21.26, 0, 225],
		[75, "R3_1", 462.48, 206.89, "T", "SMD", "$1N2148", "", "R", 22.27, 21.26, 0, 135],
		[76, "R3_2", 438.38, 230.99, "T", "SMD", "D+", "", "R", 22.27, 21.26, 0, 135],
		[77, "R4_1", 492.48, 236.89, "T", "SMD", "$1N2152", "", "R", 22.27, 21.26, 0, 135],
		[78, "R4_2", 468.38, 260.99, "T", "SMD", "D-", "", "R", 22.27, 21.26, 0, 135],
		[79, "R5_1", 806.42, -182.05, "T", "SMD", "$1N3532", "", "R", 22.27, 21.26, 0, 135],
		[80, "R5_2", 782.32, -157.95, "T", "SMD", "XOUT", "", "R", 22.27, 21.26, 0, 135],
		[81, "R6_1", 726.14, -214.33, "T", "SMD", "$1N23066", "", "R", 22.27, 21.26, 0, 315],
		[82, "R6_2", 750.24, -238.43, "T", "SMD", "BOOST_OUTPUT", "", "R", 22.27, 21.26, 0, 315],
		[83, "RESET_1", 922.24, -266.73, "T", "SMD", "$1N3700", "", "R", 21.65, 21.65, 0, 180],
		[84, "RESET_2", 922.24, -237.2, "T", "SMD", "RESET_2", "", "R", 21.65, 21.65, 0, 180],
		[85, "RESET_3", 817.91, -266.73, "T", "SMD", "GND", "GND", "R", 21.65, 21.65, 0, 180],
		[86, "RESET_4", 817.91, -237.2, "T", "SMD", "RESET_4", "", "R", 21.65, 21.65, 0, 180],
		[87, "U1_1", 478.15, -26.45, "T", "SMD", "3V3", "", "R", 43.31, 7.87, 0, 45],
		[88, "U1_2", 489.29, -37.59, "T", "SMD", "U1_2", "", "R", 43.31, 7.87, 0, 45],
		[89, "U1_3", 500.43, -48.72, "T", "SMD", "U1_3", "", "R", 43.31, 7.87, 0, 45],
		[90, "U1_4", 511.57, -59.86, "T", "SMD", "U1_4", "", "R", 43.31, 7.87, 0, 45],
		[91, "U1_5", 522.7, -70.99, "T", "SMD", "U1_5", "", "R", 43.31, 7.87, 0, 45],
		[92, "U1_6", 533.83, -82.13, "T", "SMD", "U1_6", "", "R", 43.31, 7.87, 0, 45],
		[93, "U1_7", 544.97, -93.26, "T", "SMD", "U1_7", "", "R", 43.31, 7.87, 0, 45],
		[94, "U1_8", 556.11, -104.4, "T", "SMD", "U1_8", "", "R", 43.31, 7.87, 0, 45],
		[95, "U1_9", 567.24, -115.54, "T", "SMD", "U1_9", "", "R", 43.31, 7.87, 0, 45],
		[96, "U1_10", 578.37, -126.67, "T", "SMD", "3V3", "", "R", 43.31, 7.87, 0, 45],
		[97, "U1_11", 589.51, -137.8, "T", "SMD", "U1_11", "", "R", 43.31, 7.87, 0, 45],
		[98, "U1_12", 600.65, -148.94, "T", "SMD", "U1_12", "", "R", 43.31, 7.87, 0, 45],
		[99, "U1_13", 611.78, -160.08, "T", "SMD", "U1_13", "", "R", 43.31, 7.87, 0, 45],
		[100, "U1_14", 622.92, -171.22, "T", "SMD", "BOOST_INPUT", "", "R", 43.31, 7.87, 0, 45],
		[101, "U1_15", 675.82, -171.21, "T", "SMD", "U1_15", "", "R", 43.31, 7.87, 0, 135],
		[102, "U1_16", 686.95, -160.08, "T", "SMD", "LED_B2", "", "R", 43.31, 7.87, 0, 135],
		[103, "U1_17", 698.09, -148.94, "T", "SMD", "LED_G2", "", "R", 43.31, 7.87, 0, 135],
		[104, "U1_18", 709.22, -137.8, "T", "SMD", "LED_R2", "", "R", 43.31, 7.87, 0, 135],
		[105, "U1_19", 720.36, -126.67, "T", "SMD", "U1_19", "", "R", 43.31, 7.87, 0, 135],
		[106, "U1_20", 731.5, -115.53, "T", "SMD", "XIN", "", "R", 43.31, 7.87, 0, 135],
		[107, "U1_21", 742.63, -104.4, "T", "SMD", "XOUT", "", "R", 43.31, 7.87, 0, 135],
		[108, "U1_22", 753.76, -93.26, "T", "SMD", "3V3", "", "R", 43.31, 7.87, 0, 135],
		[109, "U1_23", 764.9, -82.13, "T", "SMD", "1V1", "", "R", 43.31, 7.87, 0, 135],
		[110, "U1_24", 776.04, -70.99, "T", "SMD", "U1_24", "", "R", 43.31, 7.87, 0, 135],
		[111, "U1_25", 787.17, -59.85, "T", "SMD", "U1_25", "", "R", 43.31, 7.87, 0, 135],
		[112, "U1_26", 798.3, -48.72, "T", "SMD", "$1N3700", "", "R", 43.31, 7.87, 0, 135],
		[113, "U1_27", 809.44, -37.59, "T", "SMD", "U1_27", "", "R", 43.31, 7.87, 0, 135],
		[114, "U1_28", 820.58, -26.45, "T", "SMD", "$1N4645", "", "R", 43.31, 7.87, 0, 135],
		[115, "U1_29", 820.59, 26.45, "T", "SMD", "LED_B1", "", "R", 43.31, 7.87, 0, 225],
		[116, "U1_30", 809.45, 37.59, "T", "SMD", "LED_G1", "", "R", 43.31, 7.87, 0, 225],
		[117, "U1_31", 798.31, 48.72, "T", "SMD", "LED_R1", "", "R", 43.31, 7.87, 0, 225],
		[118, "U1_32", 787.17, 59.86, "T", "SMD", "U1_32", "", "R", 43.31, 7.87, 0, 225],
		[119, "U1_33", 776.04, 71, "T", "SMD", "3V3", "", "R", 43.31, 7.87, 0, 225],
		[120, "U1_34", 764.91, 82.13, "T", "SMD", "U1_34", "", "R", 43.31, 7.87, 0, 225],
		[121, "U1_35", 753.77, 93.26, "T", "SMD", "U1_35", "", "R", 43.31, 7.87, 0, 225],
		[122, "U1_36", 742.63, 104.4, "T", "SMD", "U1_36", "", "R", 43.31, 7.87, 0, 225],
		[123, "U1_37", 731.5, 115.54, "T", "SMD", "U1_37", "", "R", 43.31, 7.87, 0, 225],
		[124, "U1_38", 720.36, 126.67, "T", "SMD", "U1_38", "", "R", 43.31, 7.87, 0, 225],
		[125, "U1_39", 709.23, 137.8, "T", "SMD", "U1_39", "", "R", 43.31, 7.87, 0, 225],
		[126, "U1_40", 698.09, 148.94, "T", "SMD", "U1_40", "", "R", 43.31, 7.87, 0, 225],
		[127, "U1_41", 686.96, 160.08, "T", "SMD", "U1_41", "", "R", 43.31, 7.87, 0, 225],
		[128, "U1_42", 675.82, 171.22, "T", "SMD", "3V3", "", "R", 43.31, 7.87, 0, 225],
		[129, "U1_43", 622.92, 171.21, "T", "SMD", "3V3", "", "R", 43.31, 7.87, 0, 315],
		[130, "U1_44", 611.78, 160.07, "T", "SMD", "3V3", "", "R", 43.31, 7.87, 0, 315],
		[131, "U1_45", 600.65, 148.93, "T", "SMD", "1V1", "", "R", 43.31, 7.87, 0, 315],
		[132, "U1_46", 589.52, 137.8, "T", "SMD", "$1N2152", "", "R", 43.31, 7.87, 0, 315],
		[133, "U1_47", 578.38, 126.67, "T", "SMD", "$1N2148", "", "R", 43.31, 7.87, 0, 315],
		[134, "U1_48", 567.24, 115.53, "T", "SMD", "3V3", "", "R", 43.31, 7.87, 0, 315],
		[135, "U1_49", 556.11, 104.39, "T", "SMD", "3V3", "", "R", 43.31, 7.87, 0, 315],
		[136, "U1_50", 544.97, 93.26, "T", "SMD", "1V1", "", "R", 43.31, 7.87, 0, 315],
		[137, "U1_51", 533.84, 82.13, "T", "SMD", "QSPI_SD3", "", "R", 43.31, 7.87, 0, 315],
		[138, "U1_52", 522.7, 70.99, "T", "SMD", "QSPI_SCLK", "", "R", 43.31, 7.87, 0, 315],
		[139, "U1_53", 511.57, 59.85, "T", "SMD", "QSPI_D0", "", "R", 43.31, 7.87, 0, 315],
		[140, "U1_54", 500.43, 48.72, "T", "SMD", "QSPI_SD2", "", "R", 43.31, 7.87, 0, 315],
		[141, "U1_55", 489.29, 37.58, "T", "SMD", "QSPI_SD1", "", "R", 43.31, 7.87, 0, 315],
		[142, "U1_56", 478.16, 26.45, "T", "SMD", "QSPI_SS", "", "R", 43.31, 7.87, 0, 315],
		[143, "U1_57", 649.37, 0, "T", "SMD", "GND", "GND", "R", 122.05, 122.05, 0, 45],
		[144, "U2_1", 306.3, -235.55, "T", "SMD", "GND", "GND", "R", 98.42, 43.31, 0, 0],
		[145, "U2_2", 306.3, -145, "T", "SMD", "3V3", "", "R", 98.42, 43.31, 0, 0],
		[146, "U2_3", 306.3, -54.45, "T", "SMD", "VCC", "", "R", 98.42, 43.31, 0, 0],
		[147, "U2_4", 72.44, -145, "T", "SMD", "GND", "GND", "R", 92.13, 141.73, 0, 0],
		[148, "U3_1", 70.39, 220, "T", "SMD", "QSPI_SS", "", "O", 24.8, 88.58, 0, 270],
		[149, "U3_2", 70.39, 170, "T", "SMD", "QSPI_SD1", "", "O", 24.8, 88.58, 0, 270],
		[150, "U3_3", 70.39, 120, "T", "SMD", "QSPI_SD2", "", "O", 24.8, 88.58, 0, 270],
		[151, "U3_4", 70.39, 70, "T", "SMD", "GND", "GND", "O", 24.8, 88.58, 0, 270],
		[152, "U3_5", 348.35, 70, "T", "SMD", "QSPI_D0", "", "O", 24.8, 88.58, 0, 270],
		[153, "U3_6", 348.35, 120, "T", "SMD", "QSPI_SCLK", "", "O", 24.8, 88.58, 0, 270],
		[154, "U3_7", 348.35, 170, "T", "SMD", "QSPI_SD3", "", "O", 24.8, 88.58, 0, 270],
		[155, "U3_8", 348.35, 220, "T", "SMD", "3V3", "", "O", 24.8, 88.58, 0, 270],
		[156, "U4_1", 920.91, 43.31, "T", "SMD", "$1N3532", "", "R", 55.12, 47.24, 0, 270],
		[157, "U4_2", 920.91, -43.31, "T", "SMD", "GND", "GND", "R", 55.12, 47.24, 0, 270],
		[158, "U4_3", 987.84, -43.31, "T", "SMD", "XIN", "", "R", 55.12, 47.24, 0, 270],
		[159, "U4_4", 987.84, 43.31, "T", "SMD", "GND", "GND", "R", 55.12, 47.24, 0, 270],
		[160, "U5_1", 586.62, -220.47, "T", "SMD", "GND", "GND", "R", 13.78, 33.47, 0, 270],
		[161, "U5_2", 586.62, -246.06, "T", "SMD", "BOOST_INPUT", "", "R", 13.78, 33.47, 0, 270],
		[162, "U5_3", 586.62, -271.65, "T", "SMD", "GND", "GND", "R", 13.78, 33.47, 0, 270],
		[163, "U5_4", 673.23, -271.65, "T", "SMD", "$1N23066", "", "R", 13.78, 33.47, 0, 270],
		[164, "U5_5", 673.23, -220.47, "T", "SMD", "VCC", "", "R", 13.78, 33.47, 0, 270],
		[165, "X1_1", -153.5, 137.8, "T", "SMD", "GND", "GND", "R", 295.28, 59.06, 0, 0],
		[166, "X1_2", -133.82, 39.37, "T", "SMD", "D+", "", "R", 255.91, 39.37, 0, 0],
		[167, "X1_3", -133.82, -39.37, "T", "SMD", "D-", "", "R", 255.91, 39.37, 0, 0],
		[168, "X1_4", -153.5, -137.8, "T", "SMD", "VCC", "", "R", 295.28, 59.06, 0, 0]
	]
}
}